<?xml version="1.0" encoding="UTF-8"?>
<!DOCTYPE mapper
        PUBLIC "-//mybatis.org//DTD Mapper 3.0//EN"
        "http://mybatis.org/dtd/mybatis-3-mapper.dtd">
<mapper namespace="com.yupi.sqlfather.mapper.ReportMapper">

    <resultMap id="BaseResultMap" type="com.yupi.sqlfather.model.entity.Report">
            <id property="id" column="id" jdbcType="BIGINT"/>
            <result property="content" column="content" jdbcType="VARCHAR"/>
            <result property="type" column="type" jdbcType="INTEGER"/>
            <result property="reportedId" column="reportedId" jdbcType="BIGINT"/>
            <result property="reportedUserId" column="reportedUserId" jdbcType="BIGINT"/>
            <result property="status" column="status" jdbcType="INTEGER"/>
            <result property="userId" column="userId" jdbcType="BIGINT"/>
            <result property="createTime" column="createTime" jdbcType="TIMESTAMP"/>
            <result property="updateTime" column="updateTime" jdbcType="TIMESTAMP"/>
            <result property="isDelete" column="isDelete" jdbcType="TINYINT"/>
    </resultMap>

    <sql id="Base_Column_List">
        id,content,type,
        reportedId,reportedUserId,status,
        userId,createTime,updateTime,
        isDelete
    </sql>
</mapper>
